uid,numero,date,type_vote,famille,categorie,titre,numero_amendement,auteur_lu,dossier_declare,A_dossier,A_candidats,A_voie,B_dossier,B_candidats,B_voie,C_dossier,C_candidats,C_voie,combinee_dossier,combinee_candidats,combinee_voie,amendement,article_vise,titre_dossier_retenu
VTANR5L17V1,1,2024-10-08,MOC,motion de censure,motion de censure,"la motion de censure déposée en application de l'article 49, alinéa 2, de la Constitution par M. Boris Vallaud, Mme Mathilde Panot, Mme Cyrielle Chatelain, M. André Chassaigne et 188 de leurs collègues.",,,,DLR5L17N50557,1,acte du dossier,,0,le libellé ne désigne aucun texte,DLR5L17N50557,1,seul dossier de la séance,DLR5L17N50557,1,A · acte du dossier,,,"Motion de censure déposée en application de l'article 49, alinéa 2, de la Constitution par M. Boris Vallaud, Mmes Mathilde Panot et Cyrielle Chatelain, M. André Chassaigne et 188 de leurs collègues"
VTANR5L17V262,262,2024-11-05,SPO,amendement,amendement,l'amendement n° 2159 de Mme Rist après l'article 18 du projet de loi de financement de la sécurité sociale pour 2025 (première lecture).,2159,rist,,,0,aucun acte ne cite le scrutin,DLR5L17N50588,1,amendement retrouvé,DLR5L17N50588,1,seul dossier de la séance,DLR5L17N50588,1,B · amendement retrouvé,AMANR5L17PO838901B0325P0D1N002159,Article 18,Projet de loi de financement de la sécurité sociale pour 2025
VTANR5L17V438,438,2024-11-12,SPS,solennels,partie,la première partie du projet de loi de finances pour 2025 (première lecture).,,,,DLR5L17N50198,1,acte du dossier,DLR5L17N50198,1,titre du texte identique,DLR5L17N50198,1,seul dossier de la séance,DLR5L17N50198,1,A · acte du dossier,,,Projet de loi de finances pour 2025
VTANR5L17V456,456,2024-11-26,SPS,solennels,déclaration,la déclaration du Gouvernement portant sur les négociations en cours relatives à l'accord d'association entre l'Union européenne et le Mercosur (application de l'article 50-1 de la Constitution).,,,,,0,aucun acte ne cite le scrutin,,0,le libellé ne désigne aucun texte,,0,l'ordre du jour de la séance ne cite aucun dossier,,0,aucune méthode ne conclut,,,
VTANR5L17V572,572,2025-01-21,SPO,article,article,l'article 21 du projet de loi d'urgence pour Mayotte (première lecture).,,,,,0,aucun acte ne cite le scrutin,DLR5L17N51222,1,titre du texte identique,DLR5L17N51222,1,seul dossier de la séance,DLR5L17N51222,1,B · titre du texte identique,,,Projet de loi d'urgence pour Mayotte
VTANR5L17V685,685,2025-01-30,SPO,ensemble,ensemble,"l'ensemble de la proposition de résolution européenne relative à l’adoption et à la mise en œuvre d’exigences à l’importation pour le respect de normes de production équivalentes aux normes de production essentielles, en matière de santé, d’environnement, de biodiversité et de bien-être animal applicables dans l’Union européenne.",,,,,0,aucun acte ne cite le scrutin,DLR5L17N50476,1,titre du texte identique,,2,l'ordre du jour cite plusieurs dossiers,DLR5L17N50476,1,B · titre du texte identique,,,"Adoption et mise en œuvre d’exigences à l’importation pour le respect de normes de production équivalentes aux normes de production essentielles, en matière de santé, d’environnement, de biodiversité et de bien-être animal applicables dans l’Union européenne"
VTANR5L17V692,692,2025-02-04,SPO,ensemble,ensemble,l'ensemble de la proposition de loi visant à interdire les dispositifs électroniques de vapotage à usage unique (texte de la commission mixte paritaire).,,,,DLR5L16N46655,1,acte du dossier,DLR5L16N46655,1,titre du texte identique,DLR5L16N46655,1,seul dossier de la séance,DLR5L16N46655,1,A · acte du dossier,,,Interdire les dispositifs électroniques de vapotage à usage unique
VTANR5L17V738,738,2025-02-06,SPO,ensemble,ensemble,l'ensemble de la proposition de loi visant à renforcer les conditions d'accès à la nationalité française à Mayotte (première lecture).,,,,DLR5L17N51039,1,acte du dossier,DLR5L17N51039,1,titre du texte identique,DLR5L17N51039,1,seul dossier de la séance,DLR5L17N51039,1,A · acte du dossier,,,Renforcer les conditions d'accès à la nationalité française à Mayotte
VTANR5L17V739,739,2025-02-10,MOC,motion de censure,motion de censure,"la motion de censure déposée en application de l'article 49, alinéa 3, de la Constitution par Mme Mathilde Panot et 70 députés.",,,,,2,plusieurs dossiers citent le scrutin,,0,le libellé ne désigne aucun texte,,5,l'ordre du jour cite plusieurs dossiers,,0,aucune méthode ne conclut,,,
VTANR5L17V790,790,2025-02-12,SPS,solennels,ensemble,l'ensemble du projet de loi d'urgence pour Mayotte (texte de la commission mixte paritaire).,,,,DLR5L17N51222,1,acte du dossier,DLR5L17N51222,1,titre du texte identique,,3,l'ordre du jour cite plusieurs dossiers,DLR5L17N51222,1,A · acte du dossier,,,Projet de loi d'urgence pour Mayotte
VTANR5L17V791,791,2025-02-12,MOC,motion de censure,motion de censure,"la motion de censure déposée en application de l'article 49, alinéa 3, de la Constitution par Mme Mathilde Panot et 73 députés.",,,,,2,plusieurs dossiers citent le scrutin,,0,le libellé ne désigne aucun texte,,3,l'ordre du jour cite plusieurs dossiers,DLR5L17N51475,1,A ∩ C · recoupement,,,"Engagement de la responsabilité du Gouvernement sur la troisième partie et l'ensemble du projet de loi de financement de la sécurité sociale pour 2025, en nouvelle lecture"
VTANR5L17V841,841,2025-02-18,SPO,article,article,l'article unique du projet de loi autorisant la ratification du traité sur la coopération dans le domaine de la défense entre la République française et le Royaume d'Espagne (première lecture).,,,,,0,aucun acte ne cite le scrutin,DLR5L17N50946,1,titre du texte identique,DLR5L17N50946,1,seul dossier de la séance,DLR5L17N50946,1,B · titre du texte identique,,,Ratification du traité sur la coopération dans le domaine de la défense entre la République française et le Royaume d’Espagne
VTANR5L17V887,887,2025-03-06,SPO,article,article,l'article premier de la proposition de loi pour un démarchage téléphonique consenti et une protection renforcée des consommateurs contre les abus (première lecture).,,,,,0,aucun acte ne cite le scrutin,DLR5L17N51563,1,titre du texte identique,,2,l'ordre du jour cite plusieurs dossiers,DLR5L17N51563,1,B · titre du texte identique,,,Proposition de loi pour un démarchage téléphonique consenti et une protection renforcée des consommateurs contre les abus
VTANR5L17V1040,1040,2025-03-18,SPO,motion de procédure,motion de procédure,"la motion de rejet préalable, déposée par Mme Mathilde Panot, de la proposition de loi relative au renforcement de la sûreté dans les transports (texte de la commission mixte paritaire).",,,,,0,aucun acte ne cite le scrutin,DLR5L16N49176,1,titre du texte identique,,3,l'ordre du jour cite plusieurs dossiers,DLR5L16N49176,1,B · titre du texte identique,,,Proposition de loi relative au renforcement de la sûreté dans les transports
VTANR5L17V1212,1212,2025-04-02,SPO,ensemble,ensemble,l'ensemble de la proposition de loi visant à renforcer le contrôle du Parlement en période d'expédition des affaires courantes (première lecture).,,,,DLR5L17N51510,1,acte du dossier,DLR5L17N51510,1,titre du texte identique,,4,l'ordre du jour cite plusieurs dossiers,DLR5L17N51510,1,A · acte du dossier,,,Renforcer le contrôle du Parlement en période d’expédition des affaires courantes
VTANR5L17V1303,1303,2025-04-07,SPS,solennels,ensemble,"l'ensemble de la proposition de loi visant à harmoniser le mode de scrutin aux élections municipales afin de garantir la vitalité démocratique, la cohésion municipale et la parité (deuxième lecture).",,,,DLR5L15N43846,1,acte du dossier,DLR5L15N43846,1,titre du texte identique,,2,l'ordre du jour cite plusieurs dossiers,DLR5L15N43846,1,A · acte du dossier,,,Renforcement de la parité dans les fonctions électives et exécutives du bloc communal
VTANR5L17V1308,1308,2025-04-08,SPS,solennels,ensemble,l'ensemble de la proposition de loi visant à renforcer les conditions d'accès à la nationalité française à Mayotte (texte de la commission mixte paritaire).,,,,DLR5L17N51039,1,acte du dossier,DLR5L17N51039,1,titre du texte identique,,2,l'ordre du jour cite plusieurs dossiers,DLR5L17N51039,1,A · acte du dossier,,,Renforcer les conditions d'accès à la nationalité française à Mayotte
VTANR5L17V1471,1471,2025-04-29,SPO,motion de procédure,motion de procédure,"la motion de rejet préalable, déposée par Mme Mathilde Panot, de la proposition de loi visant à sortir la France du piège du narcotrafic (texte de la commission mixte paritaire).",,,,,0,aucun acte ne cite le scrutin,DLR5L17N50169,1,titre du texte identique,,2,l'ordre du jour cite plusieurs dossiers,DLR5L17N50169,1,B · titre du texte identique,,,Proposition de loi visant à sortir la France du piège du narcotrafic
VTANR5L17V1605,1605,2025-05-07,SPO,article,article,"l'article 3 de la proposition de loi visant à lutter contre les déserts médicaux, d'initiative transpartisane (première lecture).",,,,,0,aucun acte ne cite le scrutin,DLR5L17N51516,1,titre du texte identique,,5,l'ordre du jour cite plusieurs dossiers,DLR5L17N51516,1,B · titre du texte identique,,,"Contre les déserts médicaux, d'initiative transpartisane"
VTANR5L17V1623,1623,2025-05-13,SPO,motion de procédure,motion de procédure,"la motion de rejet préalable, déposée par Mme Mathilde Panot, de la proposition de loi visant à renforcer l'autorité de la justice à l'égard des mineurs délinquants et de leurs parents (texte de la commission mixte paritaire).",,,,,0,aucun acte ne cite le scrutin,DLR5L17N50690,1,titre du texte identique,,2,l'ordre du jour cite plusieurs dossiers,DLR5L17N50690,1,B · titre du texte identique,,,Restaurer l'autorité de la justice à l'égard des mineurs délinquants et de leurs parents
VTANR5L17V2001,2001,2025-05-22,SPO,amendement,amendement,l'amendement n° 864 de Mme Sicard à l'article 7 de la proposition de loi relative au droit à l'aide à mourir (première lecture).,864,sicard,,,0,aucun acte ne cite le scrutin,DLR5L17N51670,1,amendement retrouvé,DLR5L17N51670,1,seul dossier de la séance,DLR5L17N51670,1,B · amendement retrouvé,AMANR5L17PO838901BTC1364P0D1N000864,Article 7,Fin de vie
VTANR5L17V2068,2068,2025-05-23,SPO,amendement,amendement,l'amendement n° 234 de Mme Lorho à l'article 15 de la proposition de loi relative au droit à l'aide à mourir (première lecture).,234,lorho,,,0,aucun acte ne cite le scrutin,DLR5L17N51670,1,amendement retrouvé,DLR5L17N51670,1,seul dossier de la séance,DLR5L17N51670,1,B · amendement retrouvé,AMANR5L17PO838901BTC1364P0D1N000234,Article 15,Fin de vie
VTANR5L17V2104,2104,2025-05-26,SPO,ensemble,ensemble,l’ensemble du projet de loi relatif au transfert à l’Etat des personnels enseignants de l’enseignement du premier degré dans les îles Wallis et Futuna (première lecture).,,,,DLR5L17N51986,1,acte du dossier,DLR5L17N51986,1,titre du texte identique,,2,l'ordre du jour cite plusieurs dossiers,DLR5L17N51986,1,A · acte du dossier,,,Projet de loi relatif au transfert à l’Etat des personnels enseignants de l’enseignement du premier degré dans les îles Wallis et Futuna
VTANR5L17V2106,2106,2025-05-27,SPS,solennels,ensemble,l’ensemble de la proposition de loi visant à garantir l'égal accès de tous à l’accompagnement et aux soins palliatifs (première lecture).,,,,DLR5L17N51672,1,acte du dossier,DLR5L17N51672,1,titre du texte identique,,3,l'ordre du jour cite plusieurs dossiers,DLR5L17N51672,1,A · acte du dossier,,,Soins palliatifs et d’accompagnement
VTANR5L17V2107,2107,2025-05-27,SPS,solennels,ensemble,l’ensemble de la proposition de loi relative au droit à l’aide à mourir (première lecture).,,,,DLR5L17N51670,1,acte du dossier,DLR5L17N51670,1,titre du texte identique,,3,l'ordre du jour cite plusieurs dossiers,DLR5L17N51670,1,A · acte du dossier,,,Fin de vie
VTANR5L17V2168,2168,2025-05-28,SPO,sous-amendement,sous-amendement,le sous-amendement n° 2697 de M. Leseul à l'amendement n° 2599 rectifié du Gouvernement et aux amendements identiques suivants à l’article 15 ter (examen prioritaire) du projet de loi de simplification de la vie économique (première lecture).,2697,leseul,,,0,aucun acte ne cite le scrutin,DLR5L16N49868,1,amendement retrouvé,DLR5L16N49868,1,seul dossier de la séance,DLR5L16N49868,1,B · amendement retrouvé,AMANR5L17PO838901BTC1191P0D1N002697,Article 15 ter,Projet de loi de simplification de la vie économique
VTANR5L17V2217,2217,2025-06-03,SPO,ensemble,ensemble,l'ensemble de la proposition de loi créant l'homicide routier et visant à lutter contre la violence routière (deuxième lecture).,,,,DLR5L16N48739,1,acte du dossier,DLR5L16N48739,1,titre du texte identique,,3,l'ordre du jour cite plusieurs dossiers,DLR5L16N48739,1,A · acte du dossier,,,Création d'un homicide routier et visant à lutter contre la violence routière
VTANR5L17V2257,2257,2025-06-05,SPO,"résolution, déclaration, partie",résolution,la proposition de résolution visant à abroger la loi n° 2023-270 du 14 avril 2023 de financement rectificative de la sécurité sociale pour 2023 dite réforme des retraites.,,,,,0,aucun acte ne cite le scrutin,DLR5L17N51999,1,titre du texte identique,,3,l'ordre du jour cite plusieurs dossiers,DLR5L17N51999,1,B · titre du texte identique,,,Abroger la loi n° 2023-270 du 14 avril 2023 de financement rectificative de la sécurité sociale pour 2023 dite réforme des retraites
VTANR5L17V2273,2273,2025-06-05,SPO,"résolution, déclaration, partie",résolution,la proposition de résolution tendant à la création d'une commission d'enquête sur les dysfonctionnements obstruant l'accès à une justice adaptée aux besoins des justiciables ultramarins.,,,,,0,aucun acte ne cite le scrutin,DLR5L17N51619,1,titre du texte identique,,3,l'ordre du jour cite plusieurs dossiers,DLR5L17N51619,1,B · titre du texte identique,,,Les dysfonctionnements obstruant l’accès à une justice adaptée aux besoins des justiciables ultramarins
VTANR5L17V2274,2274,2025-06-05,SPO,"résolution, déclaration, partie",résolution,"la proposition de résolution visant à la reconnaissance, au remboursement et à la réparation par la France de la ""double dette"" d'Haiti.",,,,,0,aucun acte ne cite le scrutin,DLR5L17N51900,1,titre du texte identique,,2,l'ordre du jour cite plusieurs dossiers,DLR5L17N51900,1,B · titre du texte identique,,,"La reconnaissance, le remboursement et la réparation par la France de la « double dette » d’Haïti"
VTANR5L17V2277,2277,2025-06-10,SPO,motion de procédure,motion de procédure,"la motion de rejet préalable, déposée par Mme Mathilde Panot, du projet de loi portant approbation des comptes de la sécurité sociale de l'année 2024 (première lecture).",,,,,0,aucun acte ne cite le scrutin,DLR5L17N52133,1,titre du texte identique,,3,l'ordre du jour cite plusieurs dossiers,DLR5L17N52133,1,B · titre du texte identique,,,Approbation des comptes de la sécurité sociale de l'année 2024
VTANR5L17V2307,2307,2025-06-13,SPO,sous-amendement,sous-amendement,le sous-amendement n° 2825 de M. Fournier à l'amendement n° 1715 du Gouvernement à l'article 6 (supprimé) du projet de loi de simplification de la vie économique (première lecture).,2825,fournier,,,0,aucun acte ne cite le scrutin,DLR5L16N49868,1,amendement retrouvé,DLR5L16N49868,1,seul dossier de la séance,DLR5L16N49868,1,B · amendement retrouvé,AMANR5L17PO838901BTC1191P0D1N002825,Article 6,Projet de loi de simplification de la vie économique
VTANR5L17V2381,2381,2025-06-13,SPO,sous-amendement,sous-amendement,le sous-amendement n° 2824 de M. Fournier à l'amendement n° 771 de M. Dive après l'article 20 du projet de loi de simplification de la vie économique (première lecture).,2824,fournier,,,0,aucun acte ne cite le scrutin,DLR5L16N49868,1,amendement retrouvé,DLR5L16N49868,1,seul dossier de la séance,DLR5L16N49868,1,B · amendement retrouvé,AMANR5L17PO838901BTC1191P0D1N002824,Article 20,Projet de loi de simplification de la vie économique
VTANR5L17V2602,2602,2025-06-19,SPO,amendement,amendement,l'amendement n° 281 de M. Houssin après l'article 11 de la proposition de loi portant programmation nationale énergie et climat pour les années 2025 à 2035 (première lecture).,281,houssin,,,0,aucun acte ne cite le scrutin,DLR5L16N49849,1,amendement retrouvé,DLR5L16N49849,1,seul dossier de la séance,DLR5L16N49849,1,B · amendement retrouvé,AMANR5L17PO838901BTC1522P0D1N000281,Article 11,Programmation nationale et simplification normative dans le secteur économique de l’énergie
VTANR5L17V2732,2732,2025-06-26,SPO,sous-amendement,sous-amendement,le sous-amendement n° 197 de M. Piquemal à l'amendement n° 27 de Mme Balage El Mariky à l'article 1er A de la proposition de loi visant à renforcer les prérogatives des officiers de l'état-civil et du ministère public pour lutter contre les mariages simulés ou arrangés (première lecture).,197,piquemal,,,0,aucun acte ne cite le scrutin,DLR5L16N49075,1,amendement retrouvé,DLR5L16N49075,1,seul dossier de la séance,DLR5L16N49075,1,B · amendement retrouvé,AMANR5L17PO838901BTC1583P0D1N000197,Article 1er A,Proposition de loi visant à renforcer les prérogatives des officiers de l’état civil et du ministère public pour lutter contre les mariages simulés ou arrangés
VTANR5L17V2772,2772,2025-06-27,SPO,article,article,l'article 14 du projet de loi de programmation pour la refondation de Mayotte (première lecture).,,,,,0,aucun acte ne cite le scrutin,DLR5L17N51985,1,titre du texte identique,,2,l'ordre du jour cite plusieurs dossiers,DLR5L17N51985,1,B · titre du texte identique,,,Projet de loi de programmation pour la refondation de Mayotte
VTANR5L17V2879,2879,2025-07-02,SPO,motion de procédure,motion de procédure,"la motion de rejet préalable, déposée par Mme Mathilde Panot, de la proposition de loi relative à la lutte contre l'antisémitisme dans l'enseignement supérieur (texte de la commission mixte paritaire).",,,,,0,aucun acte ne cite le scrutin,DLR5L17N50724,1,titre du texte identique,,2,l'ordre du jour cite plusieurs dossiers,DLR5L17N50724,1,B · titre du texte identique,,,Proposition de loi relative à la lutte contre l'antisémitisme dans l'enseignement supérieur
VTANR5L17V2958,2958,2025-07-08,SPS,solennels,ensemble,l'ensemble de la proposition de loi visant à faciliter le maintien en rétention des personnes condamnées pour des faits d’une particulière gravité et présentant de forts risques de récidive (première lecture).,,,,,0,aucun acte ne cite le scrutin,DLR5L17N51429,1,titre du texte identique,,2,l'ordre du jour cite plusieurs dossiers,DLR5L17N51429,1,B · titre du texte identique,,,Proposition de loi visant à faciliter le maintien en rétention des personnes condamnées pour des faits d’une particulière gravité et présentant de forts risques de récidive
VTANR5L17V3237,3237,2025-10-29,SPO,amendement,amendement,l'amendement n° 607 de M. Roussel après l'article 12 (examen prioritaire) du projet de loi de finances pour 2026 (première lecture).,607,roussel,,,0,aucun acte ne cite le scrutin,DLR5L17N52428,1,amendement retrouvé,DLR5L17N52428,1,seul dossier de la séance,DLR5L17N52428,1,B · amendement retrouvé,AMANR5L17PO838901B1906P1D1N000607,ARTICLE 12,Projet de loi de finances pour 2026
VTANR5L17V3597,3597,2025-11-08,SPO,"résolution, déclaration, partie",partie,la deuxième partie du projet de loi de financement de la sécurité sociale pour 2026 (première lecture).,,,,,0,aucun acte ne cite le scrutin,DLR5L17N52922,1,titre du texte identique,DLR5L17N52922,1,seul dossier de la séance,DLR5L17N52922,1,B · titre du texte identique,,,Projet de loi de financement de la sécurité sociale pour 2026
VTANR5L17V3732,3732,2025-11-13,SPO,amendement,amendement,l'amendement n° 1357 de Mme Duby-Muller et l'amendement identique suivant après l'article 9 du projet de loi de finances pour 2026 (première lecture).,1357,duby-muller,,,0,aucun acte ne cite le scrutin,DLR5L17N52428,1,amendement retrouvé,DLR5L17N52428,1,seul dossier de la séance,DLR5L17N52428,1,B · amendement retrouvé,AMANR5L17PO838901B1906P1D1N001357,ARTICLE 9,Projet de loi de finances pour 2026
VTANR5L17V3760,3760,2025-11-14,SPO,amendement,amendement,l'amendement n° 106 de Mme Roy et les amendements identiques suivants après l'article 10 du projet de loi de finances pour 2026 (première lecture).,106,roy,,,0,aucun acte ne cite le scrutin,DLR5L17N52428,1,amendement retrouvé,DLR5L17N52428,1,seul dossier de la séance,DLR5L17N52428,1,B · amendement retrouvé,AMANR5L17PO838901B1906P1D1N000106,ARTICLE 10,Projet de loi de finances pour 2026
VTANR5L17V3769,3769,2025-11-14,SPO,amendement,amendement,l'amendement n° 2235 de M. Midy après l'article 12 du projet de loi de finances pour 2026 (première lecture).,2235,midy,,,0,aucun acte ne cite le scrutin,DLR5L17N52428,1,amendement retrouvé,DLR5L17N52428,1,seul dossier de la séance,DLR5L17N52428,1,B · amendement retrouvé,AMANR5L17PO838901B1906P1D1N002235,ARTICLE 12,Projet de loi de finances pour 2026
VTANR5L17V3805,3805,2025-11-14,SPO,sous-amendement,sous-amendement,le sous-amendement n° 3970 de M. Echaniz et les sous-amendements identiques suivants à l'amendement n° 582 (rect.) de M. de Courson et à l'amendement identique suivant après l'article 12 du projet de loi de finances pour 2026 (première lecture).,3970,echaniz,,,0,aucun acte ne cite le scrutin,DLR5L17N52428,1,amendement retrouvé,DLR5L17N52428,1,seul dossier de la séance,DLR5L17N52428,1,B · amendement retrouvé,AMANR5L17PO838901B1906P1D1N003970,ARTICLE 12,Projet de loi de finances pour 2026
VTANR5L17V3876,3876,2025-11-17,SPO,motion de procédure,motion de procédure,"la motion de rejet préalable, déposée par Mme Mathilde Panot, du projet de loi de finances de fin de gestion pour 2025 (première lecture).",,,,,0,aucun acte ne cite le scrutin,DLR5L17N53135,1,titre du texte identique,DLR5L17N53135,1,seul dossier de la séance,DLR5L17N53135,1,B · titre du texte identique,,,Projet de loi de finances de fin de gestion pour 2025
VTANR5L17V3891,3891,2025-11-18,SPO,"résolution, déclaration, partie",partie,la première partie du projet de loi de finances de fin de gestion pour 2025 (première lecture).,,,,,0,aucun acte ne cite le scrutin,DLR5L17N53135,1,titre du texte identique,DLR5L17N53135,1,seul dossier de la séance,DLR5L17N53135,1,B · titre du texte identique,,,Projet de loi de finances de fin de gestion pour 2025
VTANR5L17V4241,4241,2025-11-21,SPS,solennels,partie,la première partie du projet de loi de finances pour 2026 (première lecture).,,,,DLR5L17N52428,1,acte du dossier,DLR5L17N52428,1,titre du texte identique,DLR5L17N52428,1,seul dossier de la séance,DLR5L17N52428,1,A · acte du dossier,,,Projet de loi de finances pour 2026
VTANR5L17V4244,4244,2025-11-27,SPO,"résolution, déclaration, partie",résolution,la proposition de résolution invitant le Gouvernement de la République française à s’opposer à l’adoption de l’accord commercial entre l’Union européenne et le Mercosur (article 34-1 de la Constitution).,,,,DLR5L17N53073,1,acte du dossier,DLR5L17N53073,1,titre du texte identique,,2,l'ordre du jour cite plusieurs dossiers,DLR5L17N53073,1,A · acte du dossier,,,S’opposer à l’adoption de l’accord commercial entre l’Union européenne et le Mercosur
VTANR5L17V4287,4287,2025-11-27,SPO,ensemble,ensemble,l'ensemble de la proposition de loi relative à l’établissement de l’égalité d’accès au service public postal en outre-mer (première lecture).,,,,DLR5L17N52976,1,acte du dossier,DLR5L17N52976,1,titre du texte identique,,2,l'ordre du jour cite plusieurs dossiers,DLR5L17N52976,1,A · acte du dossier,,,L'établissement de l’égalité d’accès au service public postal en outre-mer
VTANR5L17V4444,4444,2025-12-02,SPO,amendement,amendement,l'amendement n° 454 de Mme Amiot de suppression de l'article liminaire du projet de loi de financement de la sécurité sociale pour 2026 (nouvelle lecture).,454,amiot,,,0,aucun acte ne cite le scrutin,DLR5L17N52922,1,amendement retrouvé,,2,l'ordre du jour cite plusieurs dossiers,DLR5L17N52922,1,B · amendement retrouvé,AMANR5L17PO838901B2141P0D1N000454,Article liminaire,Projet de loi de financement de la sécurité sociale pour 2026
VTANR5L17V4595,4595,2025-12-05,SPO,"résolution, déclaration, partie",partie,la deuxième partie projet de loi de financement de la sécurité sociale pour 2026 (nouvelle lecture).,,,,,0,aucun acte ne cite le scrutin,DLR5L17N52922,1,titre du texte identique,DLR5L17N52922,1,seul dossier de la séance,DLR5L17N52922,1,B · titre du texte identique,,,Projet de loi de financement de la sécurité sociale pour 2026
VTANR5L17V4685,4685,2025-12-08,SPO,article,article,l'article 20 de la proposition de loi portant création d'un statut de l'élu local (deuxième lecture).,,,,,0,aucun acte ne cite le scrutin,DLR5L16N49280,1,titre du texte identique,DLR5L16N49280,1,seul dossier de la séance,DLR5L16N49280,1,B · titre du texte identique,,,Proposition de loi portant création d'un statut de l'élu local
VTANR5L17V4696,4696,2025-12-09,SPS,solennels,ensemble,l'ensemble du projet de loi de financement de la sécurité sociale pour 2026 (nouvelle lecture).,,,,DLR5L17N52922,1,acte du dossier,DLR5L17N52922,1,titre du texte identique,DLR5L17N52922,1,seul dossier de la séance,DLR5L17N52922,1,A · acte du dossier,,,Projet de loi de financement de la sécurité sociale pour 2026
VTANR5L17V4698,4698,2025-12-10,SPS,solennels,déclaration,la déclaration du Gouvernement portant sur la stratégie de défense nationale (application de l'article 50-1 de la Constitution).,,,,,0,aucun acte ne cite le scrutin,,0,le libellé ne désigne aucun texte,DLR5L17N51173,1,seul dossier de la séance,,0,aucune méthode ne conclut,,,
VTANR5L17V4745,4745,2025-12-11,SPO,ensemble,ensemble,l'ensemble de la proposition de loi pour retrouver la confiance et l'équilibre dans les rapports locatifs (première lecture).,,,,DLR5L17N53069,1,acte du dossier,DLR5L17N53069,1,titre du texte identique,,3,l'ordre du jour cite plusieurs dossiers,DLR5L17N53069,1,A · acte du dossier,,,Retrouver la confiance et l’équilibre dans les rapports locatifs
VTANR5L17V5128,5128,2026-01-22,SPO,"procédure, autre",procédure,la demande de suspension de séance présentée par M. Lachaud (article 58 du Règlement de l'Assemblée nationale).,,,,,0,aucun acte ne cite le scrutin,,0,le libellé ne désigne aucun texte,DLR5L17N51037,1,seul dossier de la séance,DLR5L17N51037,1,C · seul dossier de la séance,,,"Reconnaître une présomption de légitime défense pour les forces de l'ordre, dans l'exercice de leurs fonctions"
VTANR5L17V5148,5148,2026-01-22,SPO,amendement,amendement,"l'amendement n° 9 de M. Coulomme après l'article unique de la proposition de loi visant à reconnaître une présomption de légitime défense pour les forces de l'ordre, dans l'exercice de leurs fonctions (première lecture).",9,coulomme,,,0,aucun acte ne cite le scrutin,DLR5L17N51037,1,amendement retrouvé,DLR5L17N51037,1,seul dossier de la séance,DLR5L17N51037,1,B · amendement retrouvé,AMANR5L17PO838901B0691P0D1N000009,Article unique,"Reconnaître une présomption de légitime défense pour les forces de l'ordre, dans l'exercice de leurs fonctions"
VTANR5L17V5193,5193,2026-01-27,MOC,motion de censure,motion de censure,"la motion de censure déposée en application de l'article 49, alinéa 3, de la Constitution par Mme Cyrielle Chatelain, Mme Mathilde Panot, M. Stéphane Peu et 110 députés.",,,,,2,plusieurs dossiers citent le scrutin,,0,le libellé ne désigne aucun texte,,2,l'ordre du jour cite plusieurs dossiers,DLR5L17N53619,1,A ∩ C · recoupement,,,Engagement de la responsabilité du Gouvernement sur la deuxième partie et l'ensemble du projet de loi de finances pour 2026 de M. le Premier ministre
VTANR5L17V5254,5254,2026-01-29,SPO,ensemble,ensemble,"l'ensemble de la proposition de loi visant à garantir la gratuité des parkings des hôpitaux publics pour les patients, les visiteurs et les personnels sur leur temps de travail (première lecture).",,,,,0,aucun acte ne cite le scrutin,DLR5L17N52744,1,titre du texte identique,,3,l'ordre du jour cite plusieurs dossiers,DLR5L17N52744,1,B · titre du texte identique,,,"Garantir la gratuité des parkings des hôpitaux publics pour les patients, les visiteurs et les personnels sur leur temps de travail"
VTANR5L17V5297,5297,2026-02-03,SPO,"résolution, déclaration, partie",résolution,la proposition de résolution demandant la libération des prisonniers arméniens détenus par l'Azerbaïdjan (article 34-1 de la Constitution).,,,,DLR5L17N53378,1,acte du dossier,DLR5L17N53378,1,titre du texte identique,,3,l'ordre du jour cite plusieurs dossiers,DLR5L17N53378,1,A · acte du dossier,,,Libération des prisonniers arméniens détenus par l’Azerbaïdjan
VTANR5L17V5357,5357,2026-02-12,SPO,amendement,amendement,l'amendement n° 10 de M. Caure à l'article premier de la proposition de loi améliorant la protection des personnes ciblées par les réseaux de criminalité organisée (première lecture).,10,caure,,,0,aucun acte ne cite le scrutin,DLR5L17N53427,1,amendement retrouvé,,2,l'ordre du jour cite plusieurs dossiers,DLR5L17N53427,1,B · amendement retrouvé,AMANR5L17PO838901BTC2431P0D1N000010,Article PREMIER,Améliorer la protection des personnes ciblées par les réseaux de criminalité organisée
VTANR5L17V5358,5358,2026-02-12,SPO,ensemble,ensemble,l'ensemble de la proposition de loi améliorant la protection des personnes ciblées par les réseaux de criminalité organisée (première lecture).,,,,DLR5L17N53427,1,acte du dossier,DLR5L17N53427,1,titre du texte identique,,2,l'ordre du jour cite plusieurs dossiers,DLR5L17N53427,1,A · acte du dossier,,,Améliorer la protection des personnes ciblées par les réseaux de criminalité organisée
VTANR5L17V5461,5461,2026-02-17,SPO,amendement,amendement,l'amendement n° 48 de Mme Loir et l'amendement identique suivant à l'article 6 bis (supprimé) de la proposition de loi visant à garantir l'égal accès de tous à l'accompagnement et aux soins palliatifs (deuxième lecture).,48,loir,,,0,aucun acte ne cite le scrutin,DLR5L17N51672,1,amendement retrouvé,DLR5L17N51672,1,seul dossier de la séance,DLR5L17N51672,1,B · amendement retrouvé,AMANR5L17PO838901BTC2457P0D1N000048,Article 6 bis,Soins palliatifs et d’accompagnement
VTANR5L17V5659,5659,2026-02-23,SPO,article,article,l'article 12 de la proposition de loi relative au droit à l'aide à mourir (deuxième lecture).,,,,,0,aucun acte ne cite le scrutin,DLR5L17N51670,1,titre du texte identique,DLR5L17N51670,1,seul dossier de la séance,DLR5L17N51670,1,B · titre du texte identique,,,Fin de vie
VTANR5L17V5728,5728,2026-02-25,SPS,solennels,ensemble,l'ensemble de la proposition de loi visant à garantir l'égal accès de tous à l'accompagnement et aux soins palliatifs (deuxième lecture).,,,,DLR5L17N51672,1,acte du dossier,DLR5L17N51672,1,titre du texte identique,,6,l'ordre du jour cite plusieurs dossiers,DLR5L17N51672,1,A · acte du dossier,,,Soins palliatifs et d’accompagnement
VTANR5L17V5730,5730,2026-02-25,MOC,motion de censure,motion de censure,"la motion de censure, déposée en application de l'article 49, alinéa 2, de la Constitution, par M. Jean-Philippe Tanguy et 59 députés.",,,,DLR5L17N53821,1,acte du dossier,,0,le libellé ne désigne aucun texte,,6,l'ordre du jour cite plusieurs dossiers,DLR5L17N53821,1,A · acte du dossier,,,"Motion de censure déposée en application de l'article 49, alinéa 2, de la Constitution par Jean-Philippe Tanguy et 59 de ses collègues"
VTANR5L17V5732,5732,2026-02-25,SPO,motion de procédure,motion de procédure,"la motion de rejet préalable, déposée par Mme Mathilde Panot, du projet de loi relatif à la lutte contre les fraudes sociales et fiscales (première lecture).",,,,,0,aucun acte ne cite le scrutin,DLR5L17N52985,1,titre du texte identique,DLR5L17N52985,1,seul dossier de la séance,DLR5L17N52985,1,B · titre du texte identique,,,Projet de loi relatif à la lutte contre les fraudes sociales et fiscales
VTANR5L17V5784,5784,2026-02-26,SPO,"procédure, autre",procédure,la demande de suspension de séance présentée par M. Boyard en application de l'article 58 du Règlement (projet de loi relatif à la lutte contre les fraudes sociales et fiscales) (première lecture).,,,,,0,aucun acte ne cite le scrutin,DLR5L17N52985,1,titre du texte identique,DLR5L17N52985,1,seul dossier de la séance,DLR5L17N52985,1,B · titre du texte identique,,,Projet de loi relatif à la lutte contre les fraudes sociales et fiscales
VTANR5L17V5969,5969,2026-04-01,SPO,article,article,l'article 16 bis du projet de loi relatif à la lutte contre les fraudes sociales et fiscales (première lecture).,,,DLR5L17N52985,,0,aucun acte ne cite le scrutin,DLR5L17N52985,1,titre du texte identique,DLR5L17N52985,1,seul dossier de la séance,DLR5L17N52985,1,B · titre du texte identique,,,Projet de loi relatif à la lutte contre les fraudes sociales et fiscales
VTANR5L17V6103,6103,2026-04-09,SPO,amendement,amendement,l'amendement n° 41 de M. Bovet à l'article premier de la proposition de loi visant à renforcer la pénalisation de l’organisation de rave-parties (première lecture).,41,bovet,DLR5L17N51711,,0,aucun acte ne cite le scrutin,DLR5L17N51711,1,amendement retrouvé,DLR5L17N51711,1,seul dossier de la séance,DLR5L17N51711,1,B · amendement retrouvé,AMANR5L17PO838901BTC2618P0D1N000041,Article PREMIER,Renforcer la pénalisation de l’organisation de rave-parties
VTANR5L17V6237,6237,2026-04-15,SPO,amendement,amendement,"l'amendement n° 18 de M. Kerbrat à l'article 6 de la proposition de loi visant à renforcer la sécurité, la rétention administrative et la prévention des risques d'attentat (première lecture).",18,kerbrat,DLR5L17N53284,,0,aucun acte ne cite le scrutin,DLR5L17N53284,1,amendement retrouvé,DLR5L17N53284,1,seul dossier de la séance,DLR5L17N53284,1,B · amendement retrouvé,AMANR5L17PO838901BTC2468P0D1N000018,Article 6,"Renforcer la sécurité, la rétention administrative et la prévention des risques d’attentat"
VTANR5L17V6255,6255,2026-04-16,SPO,"procédure, autre",procédure,la demande de suspension de séance présentée par M. Léaument (article 58 du Règlement de l'Assemblée nationale).,,,DLR5L17N53284,,0,aucun acte ne cite le scrutin,,0,le libellé ne désigne aucun texte,DLR5L17N53284,1,seul dossier de la séance,DLR5L17N53284,1,C · seul dossier de la séance,,,"Renforcer la sécurité, la rétention administrative et la prévention des risques d’attentat"
VTANR5L17V6269,6269,2026-04-16,SPO,"procédure, autre",procédure,la demande de suspension de séance présentée par M. Pribetich (article 58 du Règlement de l'Assemblée nationale).,,,DLR5L17N53284,,0,aucun acte ne cite le scrutin,,0,le libellé ne désigne aucun texte,DLR5L17N53284,1,seul dossier de la séance,DLR5L17N53284,1,C · seul dossier de la séance,,,"Renforcer la sécurité, la rétention administrative et la prévention des risques d’attentat"
VTANR5L17V6369,6369,2026-05-06,SPO,amendement,amendement,l'amendement n° 614 de M. Jacobelli à l'article premier et rapport annexé du projet de loi actualisant la programmation militaire pour les années 2024 à 2030 et portant diverses dispositions intéressant la défense (première lecture).,614,jacobelli,DLR5L17N54083,,0,aucun acte ne cite le scrutin,DLR5L17N54083,1,amendement retrouvé,,2,l'ordre du jour cite plusieurs dossiers,DLR5L17N54083,1,B · amendement retrouvé,AMANR5L17PO838901BTC2695P0D1N000614,RAPPORT ANNEXÉ,Projet de loi actualisant la programmation militaire pour les années 2024 à 2030 et portant diverses dispositions intéressant la défense
VTANR5L17V6672,6672,2026-05-18,SPO,article,article,l'article 12 ter du projet de loi actualisant la programmation militaire pour les années 2024 à 2030 et portant diverses dispositions intéressant la défense (première lecture).,,,DLR5L17N54083,,0,aucun acte ne cite le scrutin,DLR5L17N54083,1,titre du texte identique,DLR5L17N54083,1,seul dossier de la séance,DLR5L17N54083,1,B · titre du texte identique,,,Projet de loi actualisant la programmation militaire pour les années 2024 à 2030 et portant diverses dispositions intéressant la défense
VTANR5L17V6673,6673,2026-05-18,SPO,article,article,l'article 13 du projet de loi actualisant la programmation militaire pour les années 2024 à 2030 et portant diverses dispositions intéressant la défense (première lecture).,,,DLR5L17N54083,,0,aucun acte ne cite le scrutin,DLR5L17N54083,1,titre du texte identique,DLR5L17N54083,1,seul dossier de la séance,DLR5L17N54083,1,B · titre du texte identique,,,Projet de loi actualisant la programmation militaire pour les années 2024 à 2030 et portant diverses dispositions intéressant la défense
VTANR5L17V6687,6687,2026-05-18,SPO,amendement,amendement,l'amendement n° 271 de M. Saintoul et les amendements identiques suivants de suppression de l'article 21 du projet de loi actualisant la programmation militaire pour les années 2024 à 2030 et portant diverses dispositions intéressant la défense (première lecture).,271,saintoul,DLR5L17N54083,,0,aucun acte ne cite le scrutin,DLR5L17N54083,1,amendement retrouvé,DLR5L17N54083,1,seul dossier de la séance,DLR5L17N54083,1,B · amendement retrouvé,AMANR5L17PO838901BTC2695P0D1N000271,Article 21,Projet de loi actualisant la programmation militaire pour les années 2024 à 2030 et portant diverses dispositions intéressant la défense
VTANR5L17V6736,6736,2026-05-19,SPS,solennels,ensemble,l'ensemble du projet de loi actualisant la programmation militaire pour les années 2024 à 2030 et portant diverses dispositions intéressant la défense (première lecture).,,,DLR5L17N54083,,0,aucun acte ne cite le scrutin,DLR5L17N54083,1,titre du texte identique,,2,l'ordre du jour cite plusieurs dossiers,DLR5L17N54083,1,B · titre du texte identique,,,Projet de loi actualisant la programmation militaire pour les années 2024 à 2030 et portant diverses dispositions intéressant la défense
VTANR5L17V6753,6753,2026-05-20,SPS,solennels,ensemble,l'ensemble de la proposition de loi organique portant régularisation des natifs dans le corps électoral pour les élections au congrès et aux assemblées de province de Nouvelle-Calédonie (première lecture).,,,DLR5L17N52104,DLR5L17N52104,1,acte du dossier,DLR5L17N52104,1,titre du texte identique,,2,l'ordre du jour cite plusieurs dossiers,DLR5L17N52104,1,A · acte du dossier,,,Proposition de loi organique portant actualisation du corps électoral pour les élections au congrès et aux assemblées de province de la Nouvelle-Calédonie
VTANR5L17V6802,6802,2026-05-21,SPO,amendement,amendement,l'amendement n° 1470 de Mme Belluco après l'article 5 (examen prioritaire) du projet de loi d'urgence pour la protection et la souveraineté agricoles (première lecture).,1470,belluco,DLR5L17N54085,,0,aucun acte ne cite le scrutin,DLR5L17N54085,1,amendement retrouvé,DLR5L17N54085,1,seul dossier de la séance,DLR5L17N54085,1,B · amendement retrouvé,AMANR5L17PO838901BTC2765P0D1N001470,Article 5,Projet de loi d’urgence pour la protection et la souveraineté agricoles
VTANR5L17V6865,6865,2026-05-22,SPO,sous-amendement,sous-amendement,le sous-amendement n° 2341 de Mme Minard et le sous-amendement identique suivant à l'amendement n° 2058 du Gouvernement et l'amendement identique suivant de rétablissement de l'article 8 (supprimé) (examen prioritaire) du projet de loi d'urgence pour la protection et la souveraineté agricoles (première lecture).,2341,minard,DLR5L17N54085,,0,aucun acte ne cite le scrutin,DLR5L17N54085,1,amendement retrouvé,DLR5L17N54085,1,seul dossier de la séance,DLR5L17N54085,1,B · amendement retrouvé,AMANR5L17PO838901BTC2765P0D1N002341,Article 8,Projet de loi d’urgence pour la protection et la souveraineté agricoles
VTANR5L17V6916,6916,2026-05-26,SPO,amendement,amendement,l'amendement n° 897 de Mme Pantel à l'article 14 (examen prioritaire) du projet de loi d'urgence pour la protection et la souveraineté agricoles (première lecture).,897,pantel,DLR5L17N54085,,0,aucun acte ne cite le scrutin,DLR5L17N54085,1,amendement retrouvé,DLR5L17N54085,1,seul dossier de la séance,DLR5L17N54085,1,B · amendement retrouvé,AMANR5L17PO838901BTC2765P0D1N000897,Article 14,Projet de loi d’urgence pour la protection et la souveraineté agricoles
VTANR5L17V7039,7039,2026-05-28,SPO,ensemble,ensemble,l'ensemble de la proposition de loi portant pérennisation du contrat de professionnalisation expérimental (première lecture).,,,DLR5L17N51791,DLR5L17N51791,1,acte du dossier,DLR5L17N51791,1,titre du texte identique,,2,l'ordre du jour cite plusieurs dossiers,DLR5L17N51791,1,A · acte du dossier,,,Proposition de loi portant pérennisation du contrat de professionnalisation expérimental
VTANR5L17V7257,7257,2026-06-01,SPO,article,article,l'article 8 de la proposition de loi visant à protéger les enfants et à lutter contre les violences en milieu scolaire (première lecture).,,,DLR5L17N54227,,0,aucun acte ne cite le scrutin,DLR5L17N54227,1,titre du texte identique,DLR5L17N54227,1,seul dossier de la séance,DLR5L17N54227,1,B · titre du texte identique,,,Protéger les enfants et lutter contre les violences en milieu scolaire
VTANR5L17V7260,7260,2026-06-02,SPS,solennels,ensemble,l'ensemble du projet de loi portant transposition de l'avenant n° 3 du 25 février 2026 au protocole d'accord du 10 novembre 2023 relatif à l'assurance chômage (deuxième lecture).,,,DLR5L17N53981,DLR5L17N53981,1,acte du dossier,DLR5L17N53981,1,titre du texte identique,,4,l'ordre du jour cite plusieurs dossiers,DLR5L17N53981,1,A · acte du dossier,,,Projet de loi portant transposition de l’avenant n°3 du 25 février 2026 au protocole d’accord du 10 novembre 2023 relatif à l’assurance chômage
VTANR5L17V7270,7270,2026-06-02,SPO,ensemble,ensemble,"l'ensemble de la proposition de loi visant à améliorer la protection et l'accompagnement des parents d'enfants atteints d'un cancer, d'une maladie grave ou d'un handicap (deuxième lecture).",,,DLR5L17N50444,DLR5L17N50444,1,acte du dossier,DLR5L17N50444,1,titre du texte identique,DLR5L17N50444,1,seul dossier de la séance,DLR5L17N50444,1,A · acte du dossier,,,"Optimiser la protection et l'accompagnement des parents d'enfants atteints de cancers, de maladies graves et de handicaps"
VTANR5L17V7295,7295,2026-06-03,SPO,sous-amendement,sous-amendement,le sous-amendement n° 26 de M. Casterman et le sous-amendement identique suivant à l'amendement n° 16 (rect.) de M. Benoît à l'article unique de la proposition de loi visant à protéger l'alimentation des Français et des Françaises des contaminations au cadmium (première lecture).,26,casterman,DLR5L17N54148,,0,aucun acte ne cite le scrutin,DLR5L17N54148,1,"amendement retrouvé, titre du texte différent",DLR5L17N54148,1,seul dossier de la séance,DLR5L17N54148,1,"B · amendement retrouvé, titre du texte différent",AMANR5L17PO838901BTC2839P0D1N000026,Article unique,Réduire les risques sanitaires liés aux contaminations au cadmium dans l’alimentation
VTANR5L17V7345,7345,2026-06-04,SPO,amendement,amendement,l'amendement n° 26 de Mme Manon Meunier après l'article 3 bis de la proposition de loi visant à prévenir le mal-être et le risque suicidaire dans le monde agricole (première lecture).,26,manon meunier,DLR5L17N53053,,0,aucun acte ne cite le scrutin,DLR5L17N53053,1,amendement retrouvé,,2,l'ordre du jour cite plusieurs dossiers,DLR5L17N53053,1,B · amendement retrouvé,AMANR5L17PO838901BTC2200P0D1N000026,Article 3 bis,Protéger la santé mentale des agricultrices et des agriculteurs
VTANR5L17V7350,7350,2026-06-09,SPO,motion de procédure,motion de procédure,"la motion de rejet préalable, déposée par Mme Mathilde Panot, du projet de loi relative aux résultats de la gestion et portant approbation des comptes de l'année 2025 (première lecture).",,,DLR5L17N54196,DLR5L17N54196,1,acte du dossier,DLR5L17N54196,1,titre du texte identique,,3,l'ordre du jour cite plusieurs dossiers,DLR5L17N54196,1,A · acte du dossier,,,Projet de loi relative aux résultats de la gestion et portant approbation des comptes de l'année 2025
VTANR5L17V7408,7408,2026-06-17,SPS,solennels,ensemble,l'ensemble de la proposition de loi visant à améliorer l'accès au logement des travailleurs des services publics (texte de la commission mixte paritaire).,,,DLR5L17N51968,DLR5L17N51968,1,acte du dossier,DLR5L17N51968,1,titre du texte identique,,3,l'ordre du jour cite plusieurs dossiers,DLR5L17N51968,1,A · acte du dossier,,,Améliorer l'accès au logement des travailleurs des services publics
VTANR5L17V7454,7454,2026-06-23,SPS,solennels,ensemble,l'ensemble du projet de loi constitutionnelle pour une Corse autonome au sein de la République (première lecture).,,,DLR5L17N54218,,0,aucun acte ne cite le scrutin,DLR5L17N54218,1,titre du texte identique,,2,l'ordre du jour cite plusieurs dossiers,DLR5L17N54218,1,B · titre du texte identique,,,Projet de loi constitutionnelle pour une Corse autonome au sein de la République
VTANR5L17V7576,7576,2026-06-25,SPO,"procédure, autre",procédure,la demande de suspension de séance formulée par M. Piquemal en application de l'article 58 du Règlement de l'Assemblée nationale (proposition de loi visant à renforcer les prérogatives des officiers de l'état civil et du ministère public pour lutter contre les mariages simulés ou arrangés) (première lecture).,,,DLR5L16N49075,,0,aucun acte ne cite le scrutin,DLR5L16N49075,1,titre du texte identique,DLR5L16N49075,1,seul dossier de la séance,DLR5L16N49075,1,B · titre du texte identique,,,Proposition de loi visant à renforcer les prérogatives des officiers de l’état civil et du ministère public pour lutter contre les mariages simulés ou arrangés
VTANR5L17V7580,7580,2026-06-25,SPO,"procédure, autre",procédure,la demande de suspension de séance formulée par M. Boyard en application de l'article 58 du Règlement de l'Assemblée nationale (proposition de loi visant à renforcer les prérogatives des officiers de l'état civil et du ministère public pour lutter contre les mariages simulés ou arrangés) (première lecture).,,,DLR5L16N49075,,0,aucun acte ne cite le scrutin,DLR5L16N49075,1,titre du texte identique,DLR5L16N49075,1,seul dossier de la séance,DLR5L16N49075,1,B · titre du texte identique,,,Proposition de loi visant à renforcer les prérogatives des officiers de l’état civil et du ministère public pour lutter contre les mariages simulés ou arrangés
VTANR5L17V7789,7789,2026-06-27,SPO,article,article,l'article 13 de la proposition de loi relative au droit à l'aide à mourir (nouvelle lecture).,,,DLR5L17N51670,,0,aucun acte ne cite le scrutin,DLR5L17N51670,1,titre du texte identique,DLR5L17N51670,1,seul dossier de la séance,DLR5L17N51670,1,B · titre du texte identique,,,Fin de vie
VTANR5L17V7894,7894,2026-06-30,SPS,solennels,ensemble,l'ensemble de la proposition de loi relative au droit à l'aide à mourir (nouvelle lecture).,,,DLR5L17N51670,DLR5L17N51670,1,acte du dossier,DLR5L17N51670,1,titre du texte identique,,3,l'ordre du jour cite plusieurs dossiers,DLR5L17N51670,1,A · acte du dossier,,,Fin de vie
VTANR5L17V7979,7979,2026-07-06,MOC,motion de censure,motion de censure,"la motion de censure déposée en application de l'article 49, alinéa 2, de la Constitution par Mmes Cyrielle Chatelain, Nadège Abomangoli et 56 députés.",,,DLR5L17N54613,DLR5L17N54613,1,acte du dossier,,0,le libellé ne désigne aucun texte,DLR5L17N54613,1,seul dossier de la séance,DLR5L17N54613,1,A · acte du dossier,,,"Motion de censure déposée en application de l'article 49, alinéa 2, de la Constitution par Mme Cyrielle Chatelain, Mme Nadège Abomangoli et 56 de leurs collègues"
VTANR5L17V8042,8042,2026-07-08,SPS,solennels,ensemble,l'ensemble du projet de loi sur la justice criminelle et le respect des victimes (texte de la commission mixte paritaire).,,,DLR5L17N53940,DLR5L17N53940,1,acte du dossier,DLR5L17N53940,1,titre du texte identique,,3,l'ordre du jour cite plusieurs dossiers,DLR5L17N53940,1,A · acte du dossier,,,Projet de loi sur la justice criminelle et le respect des victimes
VTANR5L17V8265,8265,2026-07-10,SPO,sous-amendement,sous-amendement,"le sous-amendement n° 1037 de M. Sansu à l'amendement n° 905 du Gouvernement et l'amendement identique suivant de rétablissement de l'article 18 (supprimé) du projet de loi visant à offrir des réponses immédiates aux phénomènes troublant l'ordre public, la sécurité et la tranquillité de nos concitoyens (première lecture).",1037,sansu,DLR5L17N53980,,0,aucun acte ne cite le scrutin,DLR5L17N53980,1,amendement retrouvé,DLR5L17N53980,1,seul dossier de la séance,DLR5L17N53980,1,B · amendement retrouvé,AMANR5L17PO838901BTC2984P0D1N001037,Article 18,"Projet de loi visant à offrir des réponses immédiates aux phénomènes troublant l’ordre public, la sécurité et la tranquillité de nos concitoyens"
VTANR5L17V8279,8279,2026-07-15,SPS,solennels,ensemble,"l'ensemble du projet de loi visant à offrir des réponses immédiates aux phénomènes troublant l'ordre public, la sécurité et la tranquillité de nos concitoyens (première lecture).",,,DLR5L17N53980,DLR5L17N53980,1,acte du dossier,DLR5L17N53980,1,titre du texte identique,,3,l'ordre du jour cite plusieurs dossiers,DLR5L17N53980,1,A · acte du dossier,,,"Projet de loi visant à offrir des réponses immédiates aux phénomènes troublant l’ordre public, la sécurité et la tranquillité de nos concitoyens"
VTANR5L17V8461,8461,2026-10-02,SPO,amendement,amendement,l'amendement n° 338 de Mme Leboucher à l'article 2 de la proposition de loi apportant une réponse intégrale au phénomène des violences sexuelles et sexistes contre les femmes et les enfants (première lecture).,338,leboucher,DLR5L17N54776,,0,aucun acte ne cite le scrutin,DLR5L17N54776,1,amendement retrouvé,,2,l'ordre du jour cite plusieurs dossiers,DLR5L17N54776,1,B · amendement retrouvé,AMANR5L17PO838901BTC3190P0D1N000338,Article 2,Apporter une réponse intégrale au phénomène des violences sexuelles et sexistes contre les femmes et les enfants
