uid,numero,dossier_attendu,verifie_le,comment
VTANR5L17V1,1,DLR5L17N50557,2026-10-07,comparaison du titre du scrutin avec le titre et les textes du dossier ; motion de censure : dossier de la motion (pas un texte)
VTANR5L17V262,262,DLR5L17N50588,2026-10-07,comparaison du titre du scrutin avec le titre et les textes du dossier
VTANR5L17V438,438,DLR5L17N50198,2026-10-07,comparaison du titre du scrutin avec le titre et les textes du dossier
VTANR5L17V456,456,aucun,2026-10-07,comparaison du titre du scrutin avec le titre et les textes du dossier ; déclaration du Gouvernement (art. 50-1) : aucun texte
VTANR5L17V572,572,DLR5L17N51222,2026-10-07,comparaison du titre du scrutin avec le titre et les textes du dossier
VTANR5L17V685,685,DLR5L17N50476,2026-10-07,comparaison du titre du scrutin avec le titre et les textes du dossier
VTANR5L17V692,692,DLR5L16N46655,2026-10-07,comparaison du titre du scrutin avec le titre et les textes du dossier
VTANR5L17V738,738,DLR5L17N51039,2026-10-07,comparaison du titre du scrutin avec le titre et les textes du dossier
VTANR5L17V739,739,,2026-10-07,"comparaison du titre du scrutin avec le titre et les textes du dossier ; motion de censure (49.3) : deux dossiers d'engagement possibles, non tranché à la main"
VTANR5L17V790,790,DLR5L17N51222,2026-10-07,comparaison du titre du scrutin avec le titre et les textes du dossier
VTANR5L17V791,791,DLR5L17N51475,2026-10-07,comparaison du titre du scrutin avec le titre et les textes du dossier ; motion de censure (49.3) : dossier d'engagement de responsabilité
VTANR5L17V841,841,DLR5L17N50946,2026-10-07,comparaison du titre du scrutin avec le titre et les textes du dossier
VTANR5L17V887,887,DLR5L17N51563,2026-10-07,comparaison du titre du scrutin avec le titre et les textes du dossier
VTANR5L17V1040,1040,DLR5L16N49176,2026-10-07,comparaison du titre du scrutin avec le titre et les textes du dossier
VTANR5L17V1212,1212,DLR5L17N51510,2026-10-07,comparaison du titre du scrutin avec le titre et les textes du dossier
VTANR5L17V1303,1303,DLR5L15N43846,2026-10-07,"comparaison du titre du scrutin avec le titre et les textes du dossier ; titre du dossier resté celui d'une ancienne proposition (« Renforcement de la parité… »), mais l'acte du dossier cite le scrutin"
VTANR5L17V1308,1308,DLR5L17N51039,2026-10-07,comparaison du titre du scrutin avec le titre et les textes du dossier
VTANR5L17V1471,1471,DLR5L17N50169,2026-10-07,comparaison du titre du scrutin avec le titre et les textes du dossier
VTANR5L17V1605,1605,DLR5L17N51516,2026-10-07,comparaison du titre du scrutin avec le titre et les textes du dossier
VTANR5L17V1623,1623,DLR5L17N50690,2026-10-07,"comparaison du titre du scrutin avec le titre et les textes du dossier ; « renforcer » dans le scrutin, « restaurer » dans le titre du dossier : même texte"
VTANR5L17V2001,2001,DLR5L17N51670,2026-10-07,comparaison du titre du scrutin avec le titre et les textes du dossier
VTANR5L17V2068,2068,DLR5L17N51670,2026-10-07,comparaison du titre du scrutin avec le titre et les textes du dossier
VTANR5L17V2104,2104,DLR5L17N51986,2026-10-07,comparaison du titre du scrutin avec le titre et les textes du dossier
VTANR5L17V2106,2106,DLR5L17N51672,2026-10-07,comparaison du titre du scrutin avec le titre et les textes du dossier
VTANR5L17V2107,2107,DLR5L17N51670,2026-10-07,comparaison du titre du scrutin avec le titre et les textes du dossier
VTANR5L17V2168,2168,DLR5L16N49868,2026-10-07,comparaison du titre du scrutin avec le titre et les textes du dossier
VTANR5L17V2217,2217,DLR5L16N48739,2026-10-07,comparaison du titre du scrutin avec le titre et les textes du dossier
VTANR5L17V2257,2257,DLR5L17N51999,2026-10-07,comparaison du titre du scrutin avec le titre et les textes du dossier
VTANR5L17V2273,2273,DLR5L17N51619,2026-10-07,comparaison du titre du scrutin avec le titre et les textes du dossier
VTANR5L17V2274,2274,DLR5L17N51900,2026-10-07,comparaison du titre du scrutin avec le titre et les textes du dossier
VTANR5L17V2277,2277,DLR5L17N52133,2026-10-07,comparaison du titre du scrutin avec le titre et les textes du dossier
VTANR5L17V2307,2307,DLR5L16N49868,2026-10-07,comparaison du titre du scrutin avec le titre et les textes du dossier
VTANR5L17V2381,2381,DLR5L16N49868,2026-10-07,comparaison du titre du scrutin avec le titre et les textes du dossier
VTANR5L17V2602,2602,DLR5L16N49849,2026-10-07,comparaison du titre du scrutin avec le titre et les textes du dossier ; titre du dossier plus large ; amendement retrouvé dans ce dossier
VTANR5L17V2732,2732,DLR5L16N49075,2026-10-07,comparaison du titre du scrutin avec le titre et les textes du dossier
VTANR5L17V2772,2772,DLR5L17N51985,2026-10-07,comparaison du titre du scrutin avec le titre et les textes du dossier
VTANR5L17V2879,2879,DLR5L17N50724,2026-10-07,comparaison du titre du scrutin avec le titre et les textes du dossier
VTANR5L17V2958,2958,DLR5L17N51429,2026-10-07,comparaison du titre du scrutin avec le titre et les textes du dossier
VTANR5L17V3237,3237,DLR5L17N52428,2026-10-07,comparaison du titre du scrutin avec le titre et les textes du dossier
VTANR5L17V3597,3597,DLR5L17N52922,2026-10-07,comparaison du titre du scrutin avec le titre et les textes du dossier
VTANR5L17V3732,3732,DLR5L17N52428,2026-10-07,comparaison du titre du scrutin avec le titre et les textes du dossier
VTANR5L17V3760,3760,DLR5L17N52428,2026-10-07,comparaison du titre du scrutin avec le titre et les textes du dossier
VTANR5L17V3769,3769,DLR5L17N52428,2026-10-07,comparaison du titre du scrutin avec le titre et les textes du dossier
VTANR5L17V3805,3805,DLR5L17N52428,2026-10-07,comparaison du titre du scrutin avec le titre et les textes du dossier
VTANR5L17V3876,3876,DLR5L17N53135,2026-10-07,comparaison du titre du scrutin avec le titre et les textes du dossier
VTANR5L17V3891,3891,DLR5L17N53135,2026-10-07,comparaison du titre du scrutin avec le titre et les textes du dossier
VTANR5L17V4241,4241,DLR5L17N52428,2026-10-07,comparaison du titre du scrutin avec le titre et les textes du dossier
VTANR5L17V4244,4244,DLR5L17N53073,2026-10-07,comparaison du titre du scrutin avec le titre et les textes du dossier
VTANR5L17V4287,4287,DLR5L17N52976,2026-10-07,comparaison du titre du scrutin avec le titre et les textes du dossier
VTANR5L17V4444,4444,DLR5L17N52922,2026-10-07,comparaison du titre du scrutin avec le titre et les textes du dossier
VTANR5L17V4595,4595,DLR5L17N52922,2026-10-07,comparaison du titre du scrutin avec le titre et les textes du dossier
VTANR5L17V4685,4685,DLR5L16N49280,2026-10-07,comparaison du titre du scrutin avec le titre et les textes du dossier
VTANR5L17V4696,4696,DLR5L17N52922,2026-10-07,comparaison du titre du scrutin avec le titre et les textes du dossier
VTANR5L17V4698,4698,aucun,2026-10-07,comparaison du titre du scrutin avec le titre et les textes du dossier ; déclaration du Gouvernement (art. 50-1) : aucun texte ; l'agenda citait une proposition de loi organique sans rapport
VTANR5L17V4745,4745,DLR5L17N53069,2026-10-07,comparaison du titre du scrutin avec le titre et les textes du dossier
VTANR5L17V5128,5128,DLR5L17N51037,2026-10-07,"comparaison du titre du scrutin avec le titre et les textes du dossier ; suspension de séance : rattachée au texte en discussion, pas un vote sur un texte"
VTANR5L17V5148,5148,DLR5L17N51037,2026-10-07,comparaison du titre du scrutin avec le titre et les textes du dossier
VTANR5L17V5193,5193,DLR5L17N53619,2026-10-07,comparaison du titre du scrutin avec le titre et les textes du dossier ; motion de censure (49.3) : dossier d'engagement de responsabilité
VTANR5L17V5254,5254,DLR5L17N52744,2026-10-07,comparaison du titre du scrutin avec le titre et les textes du dossier
VTANR5L17V5297,5297,DLR5L17N53378,2026-10-07,comparaison du titre du scrutin avec le titre et les textes du dossier
VTANR5L17V5357,5357,DLR5L17N53427,2026-10-07,comparaison du titre du scrutin avec le titre et les textes du dossier
VTANR5L17V5358,5358,DLR5L17N53427,2026-10-07,comparaison du titre du scrutin avec le titre et les textes du dossier
VTANR5L17V5461,5461,DLR5L17N51672,2026-10-07,comparaison du titre du scrutin avec le titre et les textes du dossier
VTANR5L17V5659,5659,DLR5L17N51670,2026-10-07,comparaison du titre du scrutin avec le titre et les textes du dossier
VTANR5L17V5728,5728,DLR5L17N51672,2026-10-07,comparaison du titre du scrutin avec le titre et les textes du dossier
VTANR5L17V5730,5730,DLR5L17N53821,2026-10-07,comparaison du titre du scrutin avec le titre et les textes du dossier ; motion de censure : dossier de la motion (pas un texte)
VTANR5L17V5732,5732,DLR5L17N52985,2026-10-07,comparaison du titre du scrutin avec le titre et les textes du dossier
VTANR5L17V5784,5784,DLR5L17N52985,2026-10-07,comparaison du titre du scrutin avec le titre et les textes du dossier ; suspension de séance : texte en discussion
VTANR5L17V5969,5969,DLR5L17N52985,2026-10-07,comparaison du titre du scrutin avec le titre et les textes du dossier
VTANR5L17V6103,6103,DLR5L17N51711,2026-10-07,comparaison du titre du scrutin avec le titre et les textes du dossier
VTANR5L17V6237,6237,DLR5L17N53284,2026-10-07,comparaison du titre du scrutin avec le titre et les textes du dossier
VTANR5L17V6255,6255,DLR5L17N53284,2026-10-07,comparaison du titre du scrutin avec le titre et les textes du dossier ; suspension de séance : texte en discussion
VTANR5L17V6269,6269,DLR5L17N53284,2026-10-07,comparaison du titre du scrutin avec le titre et les textes du dossier ; suspension de séance : texte en discussion
VTANR5L17V6369,6369,DLR5L17N54083,2026-10-07,comparaison du titre du scrutin avec le titre et les textes du dossier
VTANR5L17V6672,6672,DLR5L17N54083,2026-10-07,comparaison du titre du scrutin avec le titre et les textes du dossier
VTANR5L17V6673,6673,DLR5L17N54083,2026-10-07,comparaison du titre du scrutin avec le titre et les textes du dossier
VTANR5L17V6687,6687,DLR5L17N54083,2026-10-07,comparaison du titre du scrutin avec le titre et les textes du dossier
VTANR5L17V6736,6736,DLR5L17N54083,2026-10-07,comparaison du titre du scrutin avec le titre et les textes du dossier
VTANR5L17V6753,6753,DLR5L17N52104,2026-10-07,"comparaison du titre du scrutin avec le titre et les textes du dossier ; titre du dossier différent (« actualisation du corps électoral »), même texte"
VTANR5L17V6802,6802,DLR5L17N54085,2026-10-07,comparaison du titre du scrutin avec le titre et les textes du dossier
VTANR5L17V6865,6865,DLR5L17N54085,2026-10-07,comparaison du titre du scrutin avec le titre et les textes du dossier
VTANR5L17V6916,6916,DLR5L17N54085,2026-10-07,comparaison du titre du scrutin avec le titre et les textes du dossier
VTANR5L17V7039,7039,DLR5L17N51791,2026-10-07,comparaison du titre du scrutin avec le titre et les textes du dossier
VTANR5L17V7257,7257,DLR5L17N54227,2026-10-07,comparaison du titre du scrutin avec le titre et les textes du dossier
VTANR5L17V7260,7260,DLR5L17N53981,2026-10-07,comparaison du titre du scrutin avec le titre et les textes du dossier
VTANR5L17V7270,7270,DLR5L17N50444,2026-10-07,"comparaison du titre du scrutin avec le titre et les textes du dossier ; « améliorer » dans le scrutin, « optimiser » dans le dossier : même texte"
VTANR5L17V7295,7295,DLR5L17N54148,2026-10-07,"comparaison du titre du scrutin avec le titre et les textes du dossier ; le scrutin garde l'ancien titre (« protéger l'alimentation… »), l'amendement est dans le dossier examiné ce jour-là ; voir aussi le scrutin 7302 hors échantillon"
VTANR5L17V7345,7345,DLR5L17N53053,2026-10-07,comparaison du titre du scrutin avec le titre et les textes du dossier ; titre du dossier reformulé ; amendement retrouvé dans ce dossier
VTANR5L17V7350,7350,DLR5L17N54196,2026-10-07,comparaison du titre du scrutin avec le titre et les textes du dossier
VTANR5L17V7408,7408,DLR5L17N51968,2026-10-07,comparaison du titre du scrutin avec le titre et les textes du dossier
VTANR5L17V7454,7454,DLR5L17N54218,2026-10-07,comparaison du titre du scrutin avec le titre et les textes du dossier
VTANR5L17V7576,7576,DLR5L16N49075,2026-10-07,comparaison du titre du scrutin avec le titre et les textes du dossier ; suspension de séance : texte en discussion
VTANR5L17V7580,7580,DLR5L16N49075,2026-10-07,comparaison du titre du scrutin avec le titre et les textes du dossier ; suspension de séance : texte en discussion
VTANR5L17V7789,7789,DLR5L17N51670,2026-10-07,comparaison du titre du scrutin avec le titre et les textes du dossier
VTANR5L17V7894,7894,DLR5L17N51670,2026-10-07,comparaison du titre du scrutin avec le titre et les textes du dossier
VTANR5L17V7979,7979,DLR5L17N54613,2026-10-07,comparaison du titre du scrutin avec le titre et les textes du dossier ; motion de censure : dossier de la motion (pas un texte)
VTANR5L17V8042,8042,DLR5L17N53940,2026-10-07,comparaison du titre du scrutin avec le titre et les textes du dossier
VTANR5L17V8265,8265,DLR5L17N53980,2026-10-07,comparaison du titre du scrutin avec le titre et les textes du dossier
VTANR5L17V8279,8279,DLR5L17N53980,2026-10-07,comparaison du titre du scrutin avec le titre et les textes du dossier
VTANR5L17V8461,8461,DLR5L17N54776,2026-10-07,comparaison du titre du scrutin avec le titre et les textes du dossier
