uid,numero,date_scrutin,type_vote,seance_ref,debut_seance,fin_seance,publie_le,observe_le
VTANR5L17V8561,8561,2026-10-07,SPO,RUANR5L17S2027IDS30928,2026-10-07T14:00:00.000+02:00,,2026-10-07T16:26:57+00:00,2026-10-07T21:23:27+00:00
VTANR5L17V8562,8562,2026-10-07,SPO,RUANR5L17S2027IDS30928,2026-10-07T14:00:00.000+02:00,,2026-10-07T16:26:57+00:00,2026-10-07T21:23:27+00:00
VTANR5L17V8563,8563,2026-10-07,SPO,RUANR5L17S2027IDS30928,2026-10-07T14:00:00.000+02:00,,2026-10-07T16:26:57+00:00,2026-10-07T21:23:27+00:00
VTANR5L17V8564,8564,2026-10-07,SPO,RUANR5L17S2027IDS30928,2026-10-07T14:00:00.000+02:00,,2026-10-07T16:26:57+00:00,2026-10-07T21:23:27+00:00
VTANR5L17V8565,8565,2026-10-07,SPO,RUANR5L17S2027IDS30928,2026-10-07T14:00:00.000+02:00,,2026-10-07T16:26:57+00:00,2026-10-07T21:23:27+00:00
VTANR5L17V8566,8566,2026-10-07,SPO,RUANR5L17S2027IDS30928,2026-10-07T14:00:00.000+02:00,,2026-10-07T16:26:57+00:00,2026-10-07T21:23:27+00:00
VTANR5L17V8567,8567,2026-10-07,SPO,RUANR5L17S2027IDS30928,2026-10-07T14:00:00.000+02:00,,2026-10-07T16:26:57+00:00,2026-10-07T21:23:27+00:00
VTANR5L17V8568,8568,2026-10-07,SPO,RUANR5L17S2027IDS30928,2026-10-07T14:00:00.000+02:00,,2026-10-07T16:26:57+00:00,2026-10-07T21:23:27+00:00
VTANR5L17V8569,8569,2026-10-07,SPO,RUANR5L17S2027IDS30928,2026-10-07T14:00:00.000+02:00,,2026-10-07T16:26:57+00:00,2026-10-07T21:23:27+00:00
VTANR5L17V8570,8570,2026-10-07,SPO,RUANR5L17S2027IDS30928,2026-10-07T14:00:00.000+02:00,,2026-10-07T16:26:57+00:00,2026-10-07T21:23:27+00:00
VTANR5L17V8571,8571,2026-10-07,SPO,RUANR5L17S2027IDS30928,2026-10-07T14:00:00.000+02:00,,2026-10-07T16:26:57+00:00,2026-10-07T21:23:27+00:00
VTANR5L17V8572,8572,2026-10-07,SPO,RUANR5L17S2027IDS30928,2026-10-07T14:00:00.000+02:00,,2026-10-07T16:26:57+00:00,2026-10-07T21:23:27+00:00
VTANR5L17V8573,8573,2026-10-07,SPO,RUANR5L17S2027IDS30928,2026-10-07T14:00:00.000+02:00,,2026-10-07T16:26:57+00:00,2026-10-07T21:23:27+00:00
VTANR5L17V8574,8574,2026-10-07,SPO,RUANR5L17S2027IDS30928,2026-10-07T14:00:00.000+02:00,,2026-10-07T16:26:57+00:00,2026-10-07T21:23:27+00:00
VTANR5L17V8575,8575,2026-10-07,SPO,RUANR5L17S2027IDS30928,2026-10-07T14:00:00.000+02:00,,2026-10-07T16:26:57+00:00,2026-10-07T21:23:27+00:00
VTANR5L17V8576,8576,2026-10-07,SPO,RUANR5L17S2027IDS30928,2026-10-07T14:00:00.000+02:00,,2026-10-07T16:26:57+00:00,2026-10-07T21:23:27+00:00
VTANR5L17V8577,8577,2026-10-07,SPO,RUANR5L17S2027IDS30928,2026-10-07T14:00:00.000+02:00,,2026-10-07T16:26:57+00:00,2026-10-07T21:23:27+00:00
VTANR5L17V8578,8578,2026-10-07,SPO,RUANR5L17S2027IDS30928,2026-10-07T14:00:00.000+02:00,,2026-10-07T22:26:57+00:00,2026-10-08T02:04:49+00:00
VTANR5L17V8579,8579,2026-10-07,SPO,RUANR5L17S2027IDS30928,2026-10-07T14:00:00.000+02:00,,2026-10-07T22:26:57+00:00,2026-10-08T02:04:49+00:00
VTANR5L17V8580,8580,2026-10-07,SPO,RUANR5L17S2027IDS30928,2026-10-07T14:00:00.000+02:00,,2026-10-07T22:26:57+00:00,2026-10-08T02:04:49+00:00
VTANR5L17V8581,8581,2026-10-07,SPO,RUANR5L17S2027IDS30928,2026-10-07T14:00:00.000+02:00,,2026-10-07T22:26:57+00:00,2026-10-08T02:04:49+00:00
VTANR5L17V8582,8582,2026-10-07,SPO,RUANR5L17S2027IDS30928,2026-10-07T14:00:00.000+02:00,,2026-10-07T22:26:57+00:00,2026-10-08T02:04:49+00:00
VTANR5L17V8583,8583,2026-10-07,SPO,RUANR5L17S2027IDS30928,2026-10-07T14:00:00.000+02:00,,2026-10-07T22:26:57+00:00,2026-10-08T02:04:49+00:00
VTANR5L17V8584,8584,2026-10-07,SPO,RUANR5L17S2027IDS30928,2026-10-07T14:00:00.000+02:00,,2026-10-07T22:26:57+00:00,2026-10-08T02:04:49+00:00
VTANR5L17V8585,8585,2026-10-07,SPO,RUANR5L17S2027IDS30928,2026-10-07T14:00:00.000+02:00,,2026-10-07T22:26:57+00:00,2026-10-08T02:04:49+00:00
VTANR5L17V8586,8586,2026-10-07,SPO,RUANR5L17S2027IDS30928,2026-10-07T14:00:00.000+02:00,,2026-10-07T22:26:57+00:00,2026-10-08T02:04:49+00:00
VTANR5L17V8587,8587,2026-10-07,SPO,RUANR5L17S2027IDS30928,2026-10-07T14:00:00.000+02:00,,2026-10-07T22:26:57+00:00,2026-10-08T02:04:49+00:00
VTANR5L17V8588,8588,2026-10-07,SPO,RUANR5L17S2027IDS30929,2026-10-07T21:30:00.000+02:00,,2026-10-07T22:26:57+00:00,2026-10-08T02:04:49+00:00
VTANR5L17V8589,8589,2026-10-07,SPO,RUANR5L17S2027IDS30929,2026-10-07T21:30:00.000+02:00,,2026-10-07T22:26:57+00:00,2026-10-08T02:04:49+00:00
VTANR5L17V8590,8590,2026-10-07,SPO,RUANR5L17S2027IDS30929,2026-10-07T21:30:00.000+02:00,,2026-10-07T22:26:57+00:00,2026-10-08T02:04:49+00:00
VTANR5L17V8591,8591,2026-10-07,SPO,RUANR5L17S2027IDS30929,2026-10-07T21:30:00.000+02:00,,2026-10-07T22:26:57+00:00,2026-10-08T02:04:49+00:00
VTANR5L17V8592,8592,2026-10-07,SPO,RUANR5L17S2027IDS30929,2026-10-07T21:30:00.000+02:00,,2026-10-07T22:26:57+00:00,2026-10-08T02:04:49+00:00
VTANR5L17V8593,8593,2026-10-07,SPO,RUANR5L17S2027IDS30929,2026-10-07T21:30:00.000+02:00,,2026-10-07T22:26:57+00:00,2026-10-08T02:04:49+00:00
VTANR5L17V8594,8594,2026-10-07,SPO,RUANR5L17S2027IDS30929,2026-10-07T21:30:00.000+02:00,,2026-10-07T22:26:57+00:00,2026-10-08T02:04:49+00:00
VTANR5L17V8595,8595,2026-10-07,SPO,RUANR5L17S2027IDS30929,2026-10-07T21:30:00.000+02:00,,2026-10-07T22:26:57+00:00,2026-10-08T02:04:49+00:00
VTANR5L17V8596,8596,2026-10-07,SPO,RUANR5L17S2027IDS30929,2026-10-07T21:30:00.000+02:00,,2026-10-07T22:26:57+00:00,2026-10-08T02:04:49+00:00
VTANR5L17V8597,8597,2026-10-07,SPO,RUANR5L17S2027IDS30929,2026-10-07T21:30:00.000+02:00,,2026-10-07T22:26:57+00:00,2026-10-08T02:04:49+00:00
VTANR5L17V8598,8598,2026-10-07,SPO,RUANR5L17S2027IDS30929,2026-10-07T21:30:00.000+02:00,,2026-10-07T22:26:57+00:00,2026-10-08T02:04:49+00:00
VTANR5L17V8599,8599,2026-10-07,SPO,RUANR5L17S2027IDS30929,2026-10-07T21:30:00.000+02:00,,2026-10-07T22:26:57+00:00,2026-10-08T02:04:49+00:00
VTANR5L17V8600,8600,2026-10-07,SPO,RUANR5L17S2027IDS30929,2026-10-07T21:30:00.000+02:00,,2026-10-07T22:26:57+00:00,2026-10-08T02:04:49+00:00
VTANR5L17V8601,8601,2026-10-07,SPO,RUANR5L17S2027IDS30929,2026-10-07T21:30:00.000+02:00,,2026-10-07T22:26:57+00:00,2026-10-08T02:04:49+00:00
VTANR5L17V8602,8602,2026-10-07,SPO,RUANR5L17S2027IDS30929,2026-10-07T21:30:00.000+02:00,,2026-10-07T22:26:57+00:00,2026-10-08T02:04:49+00:00
VTANR5L17V8603,8603,2026-10-07,SPO,RUANR5L17S2027IDS30929,2026-10-07T21:30:00.000+02:00,,2026-10-07T22:26:57+00:00,2026-10-08T02:04:49+00:00
VTANR5L17V8604,8604,2026-10-07,SPO,RUANR5L17S2027IDS30929,2026-10-07T21:30:00.000+02:00,,2026-10-07T22:26:57+00:00,2026-10-08T02:04:49+00:00
VTANR5L17V8605,8605,2026-10-07,SPO,RUANR5L17S2027IDS30929,2026-10-07T21:30:00.000+02:00,,2026-10-07T22:26:57+00:00,2026-10-08T02:04:49+00:00
VTANR5L17V8606,8606,2026-10-07,SPO,RUANR5L17S2027IDS30929,2026-10-07T21:30:00.000+02:00,,2026-10-07T22:26:57+00:00,2026-10-08T02:04:49+00:00
VTANR5L17V8607,8607,2026-10-07,SPO,RUANR5L17S2027IDS30929,2026-10-07T21:30:00.000+02:00,,2026-10-07T22:26:57+00:00,2026-10-08T02:04:49+00:00
VTANR5L17V8608,8608,2026-10-07,SPO,RUANR5L17S2027IDS30929,2026-10-07T21:30:00.000+02:00,,2026-10-07T22:26:57+00:00,2026-10-08T02:04:49+00:00
VTANR5L17V8609,8609,2026-10-08,SPO,RUANR5L17S2027IDS30930,2026-10-08T09:00:00.000+02:00,,2026-10-08T10:26:39+00:00,2026-10-08T16:38:20+00:00
VTANR5L17V8610,8610,2026-10-08,SPO,RUANR5L17S2027IDS30930,2026-10-08T09:00:00.000+02:00,2026-10-08T13:00:00.000+02:00,2026-10-08T16:27:00+00:00,2026-10-08T22:13:01+00:00
VTANR5L17V8611,8611,2026-10-08,SPO,RUANR5L17S2027IDS30931,2026-10-08T15:00:00.000+02:00,,2026-10-08T16:27:00+00:00,2026-10-08T22:13:01+00:00
