derniere_modification,observee_le,taille,scrutins,dernier_numero,nouveaux_scrutins
2026-10-07T10:26:12+00:00,2026-10-07T11:31:14+00:00,26666197,8560,8560,référence
2026-10-07T16:26:57+00:00,2026-10-07T21:23:27+00:00,26713151,8577,8577,17
2026-10-07T22:26:57+00:00,2026-10-08T02:04:49+00:00,26809739,8608,8608,31
2026-10-08T04:26:06+00:00,2026-10-08T09:10:02+00:00,26809739,8608,8608,0
2026-10-08T10:26:39+00:00,2026-10-08T16:38:20+00:00,26814753,8609,8609,1
2026-10-08T16:27:00+00:00,2026-10-08T22:13:01+00:00,26825221,8611,8611,2
2026-10-08T22:27:05+00:00,2026-10-09T02:18:27+00:00,26860589,8621,8621,10
2026-10-09T04:26:56+00:00,2026-10-09T09:18:57+00:00,26860589,8621,8621,0
2026-10-09T10:26:19+00:00,2026-10-09T16:23:14+00:00,26915589,8641,8641,20
2026-10-09T16:26:30+00:00,2026-10-09T21:05:32+00:00,26960828,8660,8660,19
2026-10-10T04:26:34+00:00,2026-10-10T07:18:09+00:00,26987736,8672,8672,12
